pathway,pval,padj,ES,NES,nMoreExtreme,size,leadingEdge
HALLMARK_E2F_TARGETS,1.2497656689370743e-5,6.248828344685371e-4,-0.5258269176721335,-1.8794039276980434,0,196,"CDKN2A, CDKN2C, MXD3, E2F8, TK1, CDCA3, PTTG1, SPC25, MKI67, LMNB1, ASF1B, DLGAP5, POLD1, SPC24, ESPL1, BIRC5, PCNA, PLK4, UBE2T, CIT, TUBB, AURKB, SPAG5, STMN1, CDKN3, HELLS, PLK1, TACC3, CENPM, MCM5, MAD2L1, LIG1, MCM6, RRM2, SHMT1, ATAD2, TIMELESS, KPNA2, CDCA8, POLA2, KIF4A, DUT, NCAPD2, TOP2A, RACGAP1, CCNB2, TCF19, MCM2, KIF18B, MCM4, CDK1, CKS2, H2AFX, ANP32E, DIAPH3, MYBL2, UBE2S, 
AURKA, RFC2, MCM3, CDC20, KIF22, HMGA1, DONSON, MELK, CHEK1, RNASEH2A, HMGB2, BUB1B, RPA3, TRIP13, WEE1, DSCC1, ORC6, TMPO, CDC25A, SRSF2, CDC25B, DCTPP1, UBR7, RAD51AP1, UNG, CHEK2, SMC1A, SLBP, DNMT1, MCM7, DEPDC1, DDX39A, SUV39H1, SNRPB, TUBG1, SMC4, POLE, RFC3, GINS1, BARD1, POLD2, DCLRE1B, PNN, GINS3, CBX5, KIF2C, PRIM2, CDKN1B, PSMC3IP, CCNE1, DCK, NASP, RPA1, HMMR"
HALLMARK_UNFOLDED_PROTEIN_RESPONSE,3.7929072634174095e-5,9.482268158543524e-4,0.5315965482134006,2.0061356241438664,0,107,"ERN1, STC2, ATF3, CHAC1, CEBPG, XPOT, HERPUD1, MTHFD2, ASNS, CEBPB, SLC7A5, HSPA9, PSAT1, DDIT4, EIF4EBP1, IARS, VEGFA, ATF4, ATF6, EXOSC5, HYOU1, XBP1, WIPI1, TARS, EDEM1, DNAJB9, SDAD1, SRPRB, GOSR2, TSPYL2, HSPA5, RRP9, DNAJC3, DKC1, PARN, KIF5B, NOP14, DDX10"
HALLMARK_EPITHELIAL_MESENCHYMAL_TRANSITION,2.7891527314679817e-4,0.00464858788577997,-0.4579060293768905,-1.6204887944194757,21,178,"NNMT, MYL9, VIM, TGM2, COL8A2, FZD8, HTRA1, CDH11, MAGEE1, PDGFRB, EDIL3, COL1A1, GREM1, MMP1, TFPI2, GJA1, DAB2, MGP, FBLN5, CXCL12, APLP1, COL4A1, MSX1, BASP1, SERPINE1, COL5A3, CDH6, DPYSL3, FBLN1, ACTA2, MFAP5, LGALS1, FN1, EMP3, CRLF1, BDNF, SCG2, PMP22, GEM, WIPF1, CTHRC1, SDC1, ITGB5, PLAUR, TGFB1, PMEPA1, MATN3, GPC1, ECM1, IL15, MATN2, INHBA, IGFBP2, PLOD1, FBN1, MMP2, TAGLN, 
PCOLCE2, TNFAIP3, COL5A1, RHOB, ENO2, LAMA3, FSTL1, ITGA2, CAPG, LAMC1, CD59, WNT5A, SPOCK1, LRP1, DKK1, FLNA, CXCL1, CTGF, TNFRSF12A"
HALLMARK_KRAS_SIGNALING_DN,3.7418147801683815e-4,0.004677268475210477,-0.4930761021556974,-1.6724152717073482,27,122,"SLC5A5, CLDN16, P2RX6, KRT13, EDN2, ARHGDIG, CAMK1D, KRT15, YBX2, KLK8, PRODH, SIDT1, ABCG4, GAMT, SGK1, HTR1D, SNCB, SHOX2, ADRA2C, CCNA1, GPR19, RIBC2, RSAD2, SYNPO, BMPR1B, FGFR3, YPEL1, NTF3, GPR3, LGALS7, RYR1, THRB, CNTFR, IGFBP2, STAG3, CELSR2, TCF7L1, CHST2, BTG2, CLSTN3, SPRR3, DTNB, EGF, MAST3, GPRC5C, LFNG, PDK2"
HALLMARK_G2M_CHECKPOINT,8.143628550308831e-4,0.008143628550308831,-0.4349911230044699,-1.5518783868260058,64,192,"CDKN2C, TROAP, PTTG1, TGFB1, MKI67, LMNB1, E2F2, CCNF, RAD54L, NUSAP1, ESPL1, E2F1, BIRC5, CCNA2, PLK4, AURKB, MEIS2, PRC1, STMN1, CDKN3, PLK1, TACC3, MCM5, BUB1, MAD2L1, MCM6, INCENP, RPS6KA5, CDC6, KPNA2, POLA2, KIF4A, PBK, TOP2A, RACGAP1, CCNB2, MCM2, UBE2C, DMD, FBXO5, CDK1, CKS2, H2AFX, MYBL2, GINS2, EGF, H2AFV, SMC2, UBE2S, AURKA, CHAF1A, MCM3, CDC20, KIF22, HMGA1, TPX2, NEK2, 
CHEK1, FANCC, KIF11, HIST1H2BK, ORC6, CENPA, TMPO, CDC25A, KIF20B, SRSF2, CDC25B, BCL3, TTK, CDC45, KIF23, POLQ, RASAL2, SMC1A, EXO1, DDX39A, SUV39H1, SMC4, POLE, BARD1, CENPF, TLE3, DTYMK, KIF2C, PRIM2, CDKN1B, NASP, CDC7, SQLE, HMMR, E2F3, NDC80, HMGN2, CBX1, SAP30, RPA2, DBF4, MT2A, HNRNPD, RAD21, STIL, HMGB3"
HALLMARK_APICAL_JUNCTION,0.002403568077531137,0.020029733979426142,-0.43497178295741906,-1.5220632807884757,186,160,"MYL9, ARHGEF6, CNTN1, CDH11, TRAF1, CDH4, SGCE, GAMT, SYK, RAC2, CDH6, RHOF, SORBS3, CERCAM, INSIG1, TMEM8B, CLDN11, PIK3R3, NRXN2, CRAT, AMIGO2, RRAS, AMH, CNN2, EVL, NRTN, TSPAN4, SIRPA, ICAM5, GNAI1, FBN1, MMP2, CALB2, LIMA1, ITGB4, LAMA3, NLGN2, ITGA2, JAM3, CDH3, ACTN1, MVD, ITGA10, COL17A1, GNAI2, ITGA3, ACTB, VWF, EGFR, LAMC2, ACTN4, CLDN9, MAP4K2, MYH10, CLDN4, MSN, SKAP2, AMIGO1, 
VCL, ACTG1, TUBG1, LAYN, FSCN1, MPZL2, ITGB1, ADAM15, GRB7, HADH"
HALLMARK_INTERFERON_GAMMA_RESPONSE,0.0034571729984620666,0.02469409284615762,-0.4215057253350362,-1.4889900463651333,271,175,"EPSTI1, IFI44, CD74, IFI27, IRF8, TNFSF10, HLA-DRB1, IL7, IFIT1, METTL7B, OASL, OAS2, IFITM2, XAF1, HLA-G, STAT4, C1R, SSPN, IFIT3, RSAD2, BST2, SOCS3, XCL1, DDX60, OAS3, PSMB9, GBP4, IL15, CCL2, PIM1, BANK1, IFI30, PTGS2, IFI35, CMPK2, IFITM3, TNFAIP3, TAPBP, SECTM1, LY6E, ST3GAL5, HLA-DMA, PNP, IFIT2, IFNAR2, CFH, ISG15"
HALLMARK_INTERFERON_ALPHA_RESPONSE,0.008778397629415284,0.05486498518384553,-0.46457157197205895,-1.5167563337156633,630,91,"IFITM1, EPSTI1, IFI44, CD74, UBA7, IFI27, IL7, OASL, SELL, IFITM2, OAS1, IFIT3, RSAD2, BST2, DDX60, PSMB9, GBP4, IL15, IFI30, IFI35, CMPK2, IFITM3, LPAR6, LY6E, IFIT2, ISG15"
HALLMARK_ANDROGEN_RESPONSE,0.015155927173897972,0.08419959541054428,-0.44892326476740735,-1.4702759660409759,1092,93,"HPGD, IQGAP2, SGK1, AKAP12, ADAMTS1, AZGP1, INSIG1, BMPR1B, MAF, ALDH1A3, SCD, KRT19, PMEPA1, NDRG1, H1F0, HMGCS1, DBI, SPDEF, INPP4B, TMPRSS2, ACTN1, KRT8, FADS1, CCND3, B2M, MERTK, LIFR, SAT1, AKT1, HSD17B14, PTK2B, IDI1, PIAS1, SLC26A2, DHCR24, SEC24D, TNFAIP8, CENPN"
HALLMARK_KRAS_SIGNALING_UP,0.025315968435234492,0.12003314794405859,-0.3871275764394922,-1.356662065025912,1972,162,"TNFRSF1B, SPARCL1, ANGPTL4, APOD, USH1C, MYCN, MMP10, MAP4K1, IRF8, NGF, TRAF1, TFPI, IL7R, SCG5, AKAP12, NAP1L2, CXCR4, ANO1, RBP4, CA2, GPRC5B, PEG3, SCN1B, EPB41L3, CD37, ALDH1A3, TSPAN1, IL2RG, LCP1, KCNN4, WNT7A, CPE, PLAUR, HDAC9, IL1B, INHBA, FGF9, PLAU, IKZF1, PTGS2, G0S2, GLRX, TNFAIP3, ITGB2, MMD, CFH, ITGA2, EPHB2, GABRA3, TMEM158, FLT4, ENG, MALL, PTPRR"
HALLMARK_MYC_TARGETS_V2,0.026407292547692886,0.12003314794405859,0.42642760146272235,1.451284712503887,842,58,"RABEPK, EXOSC5, MYC, HSPD1, RRP12, AIMP2, PUS1, GNL3, MPHOSPH10, RRP9, WDR43, NOP2, NDUFAF4, SUPV3L1, NOLC1, MYBBP1A, RCL1, PPRC1, NIP7, DDX18, PES1, NOP16, WDR74, MRTO4, IMP4, PPAN, PRMT3, NOP56, BYSL, IPO4, DUSP2, NPM1, SRM"
HALLMARK_SPERMATOGENESIS,0.038941049715253195,0.16225437381355498,-0.42442844544787234,-1.378541114093711,2782,88,"TKTL1, IL13RA2, THEG, ALOX15, DMRT1, YBX2, SCG5, ACRBP, CCNA1, HSPA2, SLC2A5, CLVS1, TEKT2, NCAPH, CDKN3, BUB1, HIST1H1T, CCNB2, JAM3, CDK1, AURKA, CNIH2, NEK2, ACE, ELOVL3, PCSK4, TTK"
HALLMARK_ESTROGEN_RESPONSE_LATE,0.06059881746131589,0.23307237485121496,-0.35526374752528195,-1.2646358615870092,4816,188,"RET, KRT13, PTGES, CXCL14, TFF3, TFPI2, NMU, TFF1, SGK1, CXCL12, PRLR, AGR2, MICB, MAPT, CCNA1, CA2, DNAJC12, ANXA9, TJP3, ATP2B4, ALDH3B1, FGFR3, IDH2, KRT19, KCNK5, CPE, OPN3, TIAM1, NPY1R, KIF20A, PLK4, NBL1, ABCA3, PDLIM3, CELSR2, TOB1, CDC6, CYP26B1, CISH, GALE, SCNN1A, FLNB, EMP2, ST14, TOP2A, ETFB, SFN, GINS2, SLC9A3R1, ST6GALNAC2, CDC20, IMPA2, ARL3, LSR, RNASEH2A, DHRS2, IGFBP4, 
LAMC2, CD9, CKB, SLC29A1, MEST, BLVRB, SULT2B1, ITPK1, CAV1"
HALLMARK_IL2_STAT5_SIGNALING,0.07792589563016833,0.269289295244007,-0.3550734273026637,-1.2490320335421545,6096,168,"TGM2, TNFRSF1B, SLC2A3, F2RL2, IRF8, TNFSF10, TRAF1, PLIN2, GLIPR2, SYT11, SELL, MUC1, IL3RA, APLP1, IL1R2, MAP6, CA2, SOCS2, COL6A1, PTCH1, S100A1, SCN9A, BATF3, BHLHE40, SH3BGRL2, EOMES, GBP4, ECM1, PIM1, TIAM1, NDRG1, MAP3K8, ADAM19, IFITM3, RHOB, CDC6, PNP, CISH, AGER, COCH, CAPG, GSTO1, ST3GAL4, CCND3, AKAP2, NRP1, ANXA4, PLAGL1, IL4R"
HALLMARK_MYOGENESIS,0.08078678857320211,0.269289295244007,-0.35948663252042845,-1.2520085066201334,6246,153,"DES, APOD, PKIA, PPFIA4, DTNA, COL1A1, AEBP1, NCAM1, GNAO1, MYOM2, KIFC3, MB, SSPN, SORBS3, SCHIP1, PTGIS, CAMK2B, SMTN, CDH13, EPHB3, SCD, CRAT, ITGB5, BHLHE40, TGFB1, RYR1, FKBP1B, GSN, PC, FST, AGRN, ITGA7, CNN3, TAGLN, AGL, BIN1, TNNT1, KCNH1, VIPR1, ITGB4, COL15A1, ATP2A1, SPDEF, GPX3, DMD, PDLIM7"
HALLMARK_WNT_BETA_CATENIN_SIGNALING,0.09313950992118257,0.2765251736797846,-0.4667336951936839,-1.3354439493127226,6073,40,"FZD8, WNT6, NKD1, TCF7, HEY2, PTCH1, FZD1, JAG2, GNAI1"
HALLMARK_COAGULATION,0.09846644924016376,0.2765251736797846,-0.3873908926203953,-1.2672598473724819,7094,92,"MMP10, F2RL2, HTRA1, ANG, KLK8, MMP1, TFPI2, CRIP2, C1R, PDGFB, SERPINE1, CTSH, FN1, THBD, S100A1, F10, GDA, GSN, MMP15, APOC1, PLAU, FBN1, PROC, MMP2, MSRB2, C3, CFH, S100A13, ITGA2, C2, LRP1, F12, CLU, VWF, CD9, MMP7, MST1, THBS1, CSRP1, PLAT, PROS1, RAPGEF3"
HALLMARK_UV_RESPONSE_DN,0.09954906252472245,0.2765251736797846,-0.36163583744962974,-1.2398936575371642,7549,133,"MT1E, SDC2, PDGFRB, COL1A1, CELF2, GJA1, TFPI, DAB2, FBLN5, MMP16, IGFBP5, KIT, SERPINE1, SCHIP1, GCNT1, INSIG1, BDNF, PMP22, FZD2, SYNE1, DLC1, ATP2B4, PIK3R3, BHLHE40, EFEMP1, SMAD7, DBP, RBPMS, PIAS3, SLC22A18, ID1, INPP4B, LDLR, LAMC1, NRP1, ANXA4, CYR61, PEX14, DDAH1"
HALLMARK_NOTCH_SIGNALING,0.11136345714060406,0.2837134350532262,-0.48517218108258203,-1.3213352559365215,7060,31,"DTX1, ST3GAL6, DTX4, FZD1, HEYL, NOTCH3, WNT5A, MAML2, LFNG, ARRB1"
HALLMARK_MTORC1_SIGNALING,0.11765582319344425,0.2837134350532262,0.28114295201050843,1.1469564260633385,2368,193,"FAM129A, TRIB3, WARS, DDIT3, SYTL2, CTH, BCAT1, VLDLR, TCEA1, STC1, IFRD1, MTHFD2, ASNS, PSPH, SLC7A5, HSPA9, PSAT1, GOT1, TES, DDIT4, DAPP1, EPRS, IDH1, SLC7A11, PPP1R15A, XBP1, HSPD1, ME1, NFIL3, SLC1A5, EDEM1, SHMT2, PDK1"
HALLMARK_GLYCOLYSIS,0.11915964272235502,0.2837134350532262,-0.3362220473195991,-1.1968529337948015,9471,188,"PFKFB1, CHST6, TKTL1, ANGPTL4, B3GNT3, PPFIA4, ANG, SDC2, TFF3, CXCR4, EGLN3, SDC1, CLDN3, LHPP, EFNA3, GALK1, PC, GPC1, AGRN, G6PD, PLOD1, KIF20A, GLRX, AGL, COL5A1, STMN1, ENO2, SLC16A3, GALE, CHST2, PAM, PYGL, CDK1, GPC4, SLC25A10, AURKA, FUT8, PLOD2, CACNA1H, MERTK, GLCE, LDHA, PGAM1, EGFR, GYS1, CENPA, ELF3, B4GALT2, CLDN9, CHST12, ALDOA, CITED2, NANP, NOL3, DEPDC1, SDHC, MIF, 
POLR3K"
HALLMARK_MITOTIC_SPINDLE,0.13382439378212424,0.30414634950482783,-0.3305151937180658,-1.1808446152500462,10700,195,"RHOF, MID1, SYNPO, PLEKHG2, NEDD9, DOCK4, PIF1, GSN, LMNB1, DLGAP5, ANLN, CDC42EP4, NUSAP1, TIAM1, ESPL1, SUN2, BIRC5, SEPT9, PRC1, BIN1, PLK1, BUB1, ECT2, INCENP, KPTN, KIF4A, FLNB, TOP2A, RACGAP1, CCNB2, TUBA4A, FBXO5, CDK1, ITSN1, AURKA, KNTC1, FLNA, KIF22, ARHGDIA, TPX2, NEK2, BCL2L11, TUBGCP6, KIF11, PALLD, ACTN4, KIF20B, TTK, CENPJ, KIF23, MYH10, RASAL2, SMC1A, RAPGEF5, VCL, SMC4, 
FSCN1, MYO1E, CENPF, CDC42, KIF2C, CLIP2, MAP3K11, MYH9, MYO9B, TBCD, PXN, MARK4, NDC80, SAC3D1, CNTROB, FGD6, PDLIM5, RHOT2, MAPRE1, FGD4, EZR"
HALLMARK_XENOBIOTIC_METABOLISM,0.1494075814174401,0.32479909003791324,-0.3368715634921734,-1.179713122504989,11638,161,"PTGDS, GNMT, IRF8, PTGES, ATOH8, TTPA, GSTM4, DDC, ALDH3A1, RBP4, MAN1A1, SERPINE1, CA2, FBLN1, CES1, F10, IL1R1, SLC12A4, PC, AKR1C2, MAOA, RAP1GAP, APOE, CYP2S1, DDAH2, DHRS1, SLC46A3, REG1A, MPP2, GSTO1, ABCC3, XDH, SLC6A6, CYP27A1, KYNU, TMEM97, NINJ1, IGFBP4"
HALLMARK_FATTY_ACID_METABOLISM,0.1880099372384937,0.3916873692468619,-0.33482933031787426,-1.155300311969801,14378,140,"HPGD, CEL, CD1D, ALDH3A1, CA2, LGALS1, IL4I1, BMPR1B, CRAT, ACADS, FASN, MAOA, TP53INP2, AOC3, HMGCS1, G0S2, GLUL, ENO2, ACAA2, REEP6, FABP2, RDH16, GSTZ1, LDHA, SUCLG2, D2HGDH, MGLL, ACAT2, ALDOA, S100A10, SDHA, ALAD, SDHC, MIF, ACSS1, IDH3G, HIBCH, IDI1, HADH, DECR1, BLVRA, PSME1, NSDHL, DHCR24, AADAT, ECI2, HSDL2, YWHAH, HSD17B7, PPARA, CBR3, CRYZ, ECHS1, ACOX1, CBR1"
HALLMARK_APICAL_SURFACE,0.2549999229001866,0.5099998458003732,-0.40620234678801814,-1.1509721751715822,16536,38,"SULF2, PCSK9, HSPB1, RTN4RL1, PKHD1, MAL, TMEM8B, IL2RG, PLAUR, SRPX, SLC2A4"
HALLMARK_ESTROGEN_RESPONSE_EARLY,0.2751574492593937,0.5291489408834494,-0.30500183862865826,-1.0886615474039683,21975,193,"TGM2, RET, KRT13, PTGES, KRT15, TFF3, GJA1, TFF1, CXCL12, MUC1, MICB, MAPT, ANXA9, TJP3, P2RY2, DLC1, ALDH3B1, THSD4, KRT19, TUBB2B, MLPH, KCNK5, BHLHE40, OPN3, ELOVL2, FASN, MYBL1, TIAM1, NPY1R, NBL1, ABCA3, CALB2, PDLIM3, GREB1, CELSR2, TOB1, CYP26B1, CISH, PMAIP1, SCNN1A, SYT12, FLNB, AQP3, RHOD, ZNF185, AR, SFN, SLC9A3R1, KRT8, ARL3, ABAT, DHRS2, TMEM164"
HALLMARK_HYPOXIA,0.2954600200311878,0.5462940707935032,-0.3052578248937147,-1.0802803477435319,23304,178,"TKTL1, TGM2, ANGPTL4, INHA, SLC2A3, EDN2, MT1E, PPFIA4, SDC2, DTNA, SELENBP1, PLIN2, PLAC8, AKAP12, CXCR4, TGFB3, PDGFB, SERPINE1, SLC2A5, BHLHE40, EFNA3, PLAUR, GALK1, ALDOC, SRPX, GPC1, PIM1, NDRG1, GLRX, TNFAIP3, COL5A1, ENO2, PGF, ADM, PGM1, CHST2, PAM, GPC4, CSRP2, SLC6A6, S100A4, CTGF, SLC25A1, CYR61, LDHA, NDST1, CDKN1C, EGFR, GYS1"
HALLMARK_ALLOGRAFT_REJECTION,0.3111945984289205,0.5462940707935032,-0.31318233729725675,-1.0768844065254315,23689,136,"HLA-DMB, CDKN2A, MAP4K1, CD74, IRF8, CD1D, F2R, IL7, SRGN, LCK, CD8A, HLA-G, CD4, STAT4, GCNT1, LY75, TLR1, IL2RG, HLA-DOB, TGFB1, APBB1, HDAC9, IL1B, IL15, CCL2, INHBA, CD96, TAPBP, ITGB2, HLA-DMA, IFNAR2, CAPG, IL27RA, GALNT1, C2, FLNA, CCND3, B2M, IL4R, EGFR, IFNGR2, CTSS, ACHE, DEGS1, TLR3, BCL3, KRT1, FAS, CSF1, GBP2"
HALLMARK_HEDGEHOG_SIGNALING,0.3168505610602319,0.5462940707935032,-0.3978809701385148,-1.103225255293056,20273,34,"RTN1, SLIT1, NKX6-1, HEY2, SCG2, DPYSL2, NRCAM, PTCH1, CNTFR"
HALLMARK_CHOLESTEROL_HOMEOSTASIS,0.3449182051113593,0.5710375686298321,0.2984503567597374,1.050247717258966,10499,70,"LPL, FAM129A, TRIB3, ANTXR2, ATF3, ATF5, FABP5, ERRFI1, PPARG, JAG1, NFIL3"
HALLMARK_IL6_JAK_STAT3_SIGNALING,0.35404329255049594,0.5710375686298321,-0.34177583827462626,-1.0642755026343869,24451,66,"TNFRSF1B, IL7, IL3RA, EBI3, IL1R2, PIK3R5, IL2RG, SOCS3, TGFB1, IL1R1, IL1B, CNTFR, PIM1, MAP3K8, REG1A, OSMR, CXCL1, TNFRSF12A, IL4R, CD9, TYK2, IFNGR2, FAS, CSF1"
HALLMARK_COMPLEMENT,0.39418825015792797,0.6092644189579328,-0.2954881566265229,-1.0318964447819683,30575,157,"APOBEC3G, DOCK10, ANG, TFPI2, MMP13, ITGAM, LCK, PCSK9, C1R, PDGFB, SERPINE1, CA2, CTSH, FN1, PIK3R5, TIMP2, CDH13, DOCK4, F10, HSPA1A, PLAUR, PSMB9, MMP15, PIM1, KCNIP3, CPM, APOC1, TNFAIP3, KLK1, APOBEC3F, CALM3, C3, CFH, S100A13, CD59, C2, LRP1, CXCL1, KYNU, GNAI2, CLU, GCA, CDA, ZEB1, ERAP2, CASP7, CTSS, CSRP1, PLAT"
HALLMARK_TGF_BETA_SIGNALING,0.4021145165122357,0.6092644189579328,-0.34444371381873834,-1.0354448475599118,27079,53,"SERPINE1, SMAD6, ID3, TGFB1, SMAD7, PMEPA1, ID1, LTBP2, ENG, CDKN1C, IFNGR2, THBS1, BCAR3, SLC20A1, WWTR1, SMURF1, RHOA, PPP1CA, JUNB, HDAC1"
HALLMARK_INFLAMMATORY_RESPONSE,0.4315882094148702,0.6346885432571621,-0.291468645314516,-1.0145300132961186,33353,152,"TNFRSF1B, IFITM1, CCL24, PCDH7, TNFSF10, SLC4A4, LCK, SELL, IL7R, TNFSF15, AXL, EBI3, CYBB, SERPINE1, NOD2, BST2, PTPRE, EMP3, PIK3R5, P2RY2, SCN1B, GNA15, TLR1, PLAUR, IL1R1, PTAFR, TNFSF9, IL1B, IL15, CCL2, INHBA, CD70, CD82, TAPBP, OSMR, LY6E, ADM, CHST2, BTG2, LDLR, GPR132, CCR7, HRH1, BDKRB1, CXCR6, PTGER4"
HALLMARK_TNFA_SIGNALING_VIA_NFKB,0.4531840581790345,0.6474057973986207,0.24655915595794495,0.9981259833897838,9471,181,"AREG, CCL20, PTX3, ATF3, HBEGF, ABCA1, GADD45A, IL18, KLF4, CXCL10, CEBPB, IRS2, SERPINB8, EGR2, VEGFA, IL6, STAT5A, NR4A3, FOS, PPP1R15A, MYC, JAG1, NFIL3, TRIB1, TGIF1, TLR2, KLF2, MAFF, FOSL1, ICOSLG, NFE2L2, JUN, CD44, YRDC, FOSB, CFLAR, KLF9, EIF1, OLR1, LIF, IL1A, GFPT2"
HALLMARK_PEROXISOME,0.5014816154477539,0.696502243677436,-0.29936529250368615,-0.9773826701710394,36046,91,"CRABP1, CEL, SEMA3C, CRABP2, HSD3B7, IDH2, CRAT, CACNA1B, DLG4, FABP6, TOP2A, STS, FADS1, FDPS, PEX14, SCP2, ABCD1, SULT2B1, PRDX5, IDI1, TSPO, ISOC1, ERCC1, DHCR24, PEX11A, ECI2, PEX6, YWHAH, ABCD3, ABCB9, MVP, GSTK1, PRDX1, CAT, ACOX1"
HALLMARK_PANCREAS_BETA_CELLS,0.5791958454638445,0.7826970884646547,0.32605837535513316,0.9185133192296376,22082,24,"CHGA, DPP4, MAFB, AKT3, ABCC8, SRPRB, PDX1, FOXA2"
HALLMARK_ADIPOGENESIS,0.6261665629721802,0.8122240886703526,-0.263519498371076,-0.9315092321822017,49314,176,"SPARCL1, ANGPTL4, PLIN2, CYP4B1, CDKN2C, SNCG, COL4A1, SSPN, CRAT, ACADS, CMBL, UCP2, ITGA7, APOE, PHLDB1, VEGFB, COL15A1, TOB1, ACAA2, ELOVL6, PGM1, C3, ETFB, GPX3, REEP6, ITSN1, LPCAT3, CD151, SLC25A10, SLC25A1, TKT, PEX14, FZD4, UQCR10, SCP2, LIFR, MGLL, COQ3, GPX4, PQLC3, COX8A, ALDOA, DGAT1, SDHC, CD302, IDH3G, HIBCH, MGST3, ATP1B3, PRDX3, HADH, DECR1, ABCB8"
HALLMARK_PI3K_AKT_MTOR_SIGNALING,0.633534789162875,0.8122240886703526,-0.2780995955868487,-0.9125406811494625,45808,94,"NGF, LCK, ADCY2, CXCR4, MAPK10, PLCB1, PIK3R3, IL2RG, VAV3, TIAM1, E2F1, CDK2, CALR, SFN, CDK1, ARHGDIA, PAK4, EGFR, AKT1, NOD1, CFL1, RPS6KA1, CAB39L, MAP2K3, CDKN1B, SLC2A1, MYD88, PPP1CA"
HALLMARK_ANGIOGENESIS,0.6837636690937424,0.854704586367178,0.2950193717733167,0.862058897508932,25448,28,"LPL, STC1, SLCO2A1, VEGFA, JAG1, TNFRSF21, OLR1, PDGFA"
HALLMARK_P53_PATHWAY,0.9260558527631958,1,-0.2214636458893182,-0.790095768275688,73914,192,"CEBPA, CDKN2A, F2R, KLK8, RRAD, CLCA2, PTPRE, DRAM1, CDH13, SDC1, PLK2, TGFB1, KRT17, HIST1H1C, SESN1, TNFSF9, JAG2, NDRG1, PCNA, IFI30, ADA, CD82, H2AFJ, ITGB4, TOB1, DDB2, BTG2, GM2A, ST14, SFN, CCNG1, PHLDA3, DGKA, S100A4, HEXIM1, EPS8L2, CCND3, ABAT, PITPNC1, NINJ1, TCHH, SAT1, TAX1BP3, PLXNB2, RPS27L, FAS, VAMP8, S100A10, KIF13B"
HALLMARK_BILE_ACID_METABOLISM,0.9353109114964139,1,0.21279400078718572,0.7742298229852849,26863,85,"ALDH1A1, DIO2, RBP1, ABCA1, EPHX2, HSD17B6, BMP6, ATXN1, IDH1"
HALLMARK_REACTIVE_OXIGEN_SPECIES_PATHWAY,0.9387020872865275,1,-0.23414787790949435,-0.6818940626060253,61836,44,"FES, G6PD, GLRX, GPX3, HHEX, GPX4, CDKN2D, ERCC2, JUNB, TXNRD2, NDUFA6, PRDX2, PRDX1, MBP, CAT, ATOX1, SBNO2, NDUFB4, PFKP, MGST1"
HALLMARK_APOPTOSIS,0.9428753810479144,1,-0.2193030004231513,-0.7589820110705908,72376,144,"TNFSF10, PDGFRB, F2R, BMF, CCNA1, HSPB1, TIMP2, GNA15, NEDD9, GSN, SMAD7, IL1B, MMP2, H1F0, IFITM3, RHOB, ENO2, CDK2, PMAIP1, BTG2, LMNA, TOP2A, IGFBP6, GPX3, EBP, TNFRSF12A, BCL2L11, DPYD, HMGB2, CLU, WEE1, GPX4, CASP7, SAT1, CDC25B, PLAT, FAS, CAV1, ERBB2, MGMT, SLC20A1"
HALLMARK_UV_RESPONSE_UP,0.9490967305289463,1,-0.21768542248220638,-0.7538295497410951,72920,145,"RET, RRAD, SHOX2, MSX1, CA2, HSPA2, FGF18, MAOA, IGFBP2, HTR7, DLG4, LHX2, NPTXR, PDLIM3, HLA-F, RHOB, ENO2, CDK2, BTG2, AQP3, TUBA4A, GPX3, H2AFX, MAPK8IP2, BCL2L11, CCND3, HYAL2, TYRO3, CDKN1C, TCHH"
HALLMARK_HEME_METABOLISM,0.960104009993117,1,-0.21301931780131733,-0.7508878803859514,75323,171,"TAL1, SELENBP1, NFE2, HIST1H4C, CA2, FN3K, BCAM, ANK1, TRIM10, E2F2, PC, UCP2, SLC30A10, RAP1GAP, H1F0, SNCA, ADD2, OSBP2, C3, BTG2, SLC22A4, AQP3, TSPAN5, ABCG2, CCND3, SIDT2, FTCD, LRP10, MPP1, MARCH2, BLVRB, ALAD, AGPAT4, PPOX, MGST3, IGSF3, SEC14L1, OPTN, MAP2K3, CTSB, BLVRA"
HALLMARK_PROTEIN_SECRETION,0.9969159046082123,1,0.17532784629588688,0.6476572343426753,27798,93,"ABCA1, VAMP7, STX16, GOLGA4, COPB1, GOSR2, NAPG, CLCN3, VAMP4, CTSC, YIPF6, GALC, BET1, RAB22A, YKT6, STX7, RAB5A, ARFGEF2, RAB9A, TSG101, USO1, TMED2, ARFGAP3"
HALLMARK_OXIDATIVE_PHOSPHORYLATION,0.9977773006832275,1,-0.18629232751743904,-0.6609776520901549,79006,182,"TCIRG1, IDH2, ACAA2, OGDH, ETFB, NDUFA3, LDHA, UQCR10, ATP1B1, GPX4, CASP7, COX8A, BDH2, NDUFB6, NDUFA4, NDUFA1, NDUFA2, SDHA, CYB5R3, NDUFB3, SDHC, NDUFB1, IDH3G, ATP6V1F, MGST3, PRDX3, CYB5A, DECR1, COX7A2, NDUFC2, MRPL34, BCKDHA, ABCB7, COX7B, UQCRC1, COX6B1, NDUFA6, NDUFC1, SLC25A5, UQCRQ, PHYH, NDUFA7, ATP6V0E1, ECHS1, VDAC1, GOT2, NDUFS8, RHOT2, COX7C, NDUFB4, PDHB, OAT, MDH1, NDUFS6, 
ACADVL, BAX, HADHA, HTRA2, NDUFAB1, UQCR11, NDUFB8, UQCRH, ACO2, COX17, ATP6V0C, NDUFB5, FDX1, MTRF1, CYC1, DLAT, NDUFV2, SDHD, COX6A1, LDHB, NDUFA9, CS, GPI, PDK4, FH, NDUFS7, NDUFS2, HADHB, NNT, VDAC2, ATP6V1E1, MRPL11, TIMM13, SUCLA2"
HALLMARK_DNA_REPAIR,1,1,-0.13202154396626975,-0.45552918194521747,76479,140,"BCAM, TYMS, POLD1, PCNA, ADA, CMPK2, LIG1, PNP, DDB2, POLA2, DUT, ZWINT, RFC2, RPA3, CDA, GPX4, POLR3GL, RAD51, RFC5, ARL6IP1, NT5C, CANT1, RFC3, FEN1, ERCC2, ERCC1, PRIM1, RBX1, VPS28, USP11, NME4, ADCY6, SAC3D1, RPA2, MPG, POLE4, TAF10, TAF6, AK1, NME3, GUK1, CETN2"
HALLMARK_MYC_TARGETS_V1,1,1,0.09806293919799286,0.4006973552350464,19986,196,"IFRD1, XPOT, IARS, EPRS, MYC, HSPD1, ODC1, DDX21, AIMP2, RSL1D1, GNL3, RRP9, EIF2S2, PABPC1, EEF1B2, EIF3J, NCBP2, NOLC1, ABCE1, ORC2, EIF1AX, SSB, UBE2E1, CANX, DDX18, EIF3D, NOP16, NOP56, SRPK1, CNBP, NAP1L1, NPM1, USP1, SRM, ETF1, EIF2S1, RPLP0, IMPDH2, RPL14"
